CVE_ID,Tag,iscore,,cvss
CVE-2020-13878,directory traversal,2,,9.8
CVE-2020-13879,directory traversal,2,,9.8
CVE-2020-13880,directory traversal,2,,9.8
CVE-2020-26623,log forging,3,,3.8
CVE-2020-26624,log forging,3,,3.8
CVE-2020-26625,log forging,3,,3.8
CVE-2020-26627,directory traversal,2,,4.9
CVE-2020-26628,xss,7,,6.1
CVE-2020-26629,directory traversal,2,,9.8
CVE-2020-26630,log forging,3,,4.9
CVE-2020-36770,directory traversal,2,,9.8
CVE-2021-3600,directory traversal,2,,7.8
CVE-2021-40367,directory traversal,2,,7.8
CVE-2021-42028,directory traversal,2,,7.8
CVE-2021-45465,directory traversal,2,,7.8
CVE-2022-2081,directory traversal,2,,7.5
CVE-2022-2585,directory traversal,2,,5.3
CVE-2022-2588,directory traversal,2,,5.3
CVE-2022-2602,directory traversal,2,,5.3
CVE-2022-28975,cookie injection,1,,5.4
CVE-2022-3010,log forging,3,,7.5
CVE-2022-32919,directory traversal,2,,4.7
CVE-2022-32931,directory traversal,2,,5.5
CVE-2022-3328,directory traversal,2,,7.8
CVE-2022-34344,log forging,3,,5.4
CVE-2022-36352,directory traversal,2,,6.3
CVE-2022-36764,directory traversal,2,,7
CVE-2022-36765,directory traversal,2,,7
CVE-2022-40361,log forging,3,,6.1
CVE-2022-40696,directory traversal,2,,3.7
CVE-2022-42816,log forging,3,,5.5
CVE-2022-42839,directory traversal,2,,3.3
CVE-2022-45354,directory traversal,2,,5.3
CVE-2022-45793,directory traversal,2,,5.5
CVE-2022-45794,directory traversal,2,,8.6
CVE-2022-46025,log forging,3,,9.1
CVE-2022-46710,log forging,3,,5.5
CVE-2022-46721,directory traversal,2,,7.8
CVE-2022-46839,directory traversal,2,,10
CVE-2022-47915,directory traversal,2,,7.8
CVE-2022-47965,directory traversal,2,,7.8
CVE-2022-48504,directory traversal,2,,5.5
CVE-2022-48577,directory traversal,2,,5.5
CVE-2022-48619,log forging,3,,5.5
CVE-2022-48620,directory traversal,2,,9.8
CVE-2022-4958,xss,7,,3.5
CVE-2022-4959,xss,7,,3.5
CVE-2022-4960,xss,7,,3.5
CVE-2022-4961,sql injection,1,,5.5
CVE-2022-4962,directory traversal,2,,4.3
CVE-2023-0437,directory traversal,2,,5.3
CVE-2023-1032,directory traversal,2,,4.7
CVE-2023-2030,directory traversal,2,,3.5
CVE-2023-26157,directory traversal,2,,5.5
CVE-2023-26159,directory traversal,2,,7.3
CVE-2023-26998,directory traversal,2,,5.4
CVE-2023-26999,log forging,3,,9.8
CVE-2023-27000,directory traversal,2,,6.1
CVE-2023-27098,log forging,3,,7.5
CVE-2023-27739,directory traversal,2,,6.1
CVE-2023-28185,log forging,3,,5.5
CVE-2023-28197,directory traversal,2,,3.3
CVE-2023-28583,directory traversal,2,,6.7
CVE-2023-28897,directory traversal,2,,4
CVE-2023-28898,log forging,3,,5.3
CVE-2023-28899,log forging,3,,4.7
CVE-2023-29048,rce,5,,8.8
CVE-2023-29049,cookie injection,1,,5.4
CVE-2023-29050,cookie injection,1,,7.6
CVE-2023-29051,directory traversal,2,,8.1
CVE-2023-29052,log forging,3,,5.4
CVE-2023-29444,directory traversal,2,,6.3
CVE-2023-29445,directory traversal,2,,7.8
CVE-2023-29446,cookie injection,1,,4.7
CVE-2023-29447,directory traversal,2,,5.7
CVE-2023-29962,directory traversal,2,,6.5
CVE-2023-30014,directory traversal,2,,9.8
CVE-2023-30015,directory traversal,2,,9.8
CVE-2023-30016,directory traversal,2,,9.8
CVE-2023-30617,directory traversal,2,,6.5
CVE-2023-31001,rce,5,,5.1
CVE-2023-31003,rce,5,,8.4
CVE-2023-31024,log forging,3,,9
CVE-2023-31025,cookie injection,1,,6.5
CVE-2023-31029,log forging,3,,9.3
CVE-2023-31030,log forging,3,,9.3
CVE-2023-31031,log forging,3,,4.2
CVE-2023-31032,log forging,3,,7.5
CVE-2023-31033,log forging,3,,6.8
CVE-2023-31034,log forging,3,,6.6
CVE-2023-31035,log forging,3,,7.5
CVE-2023-31036,directory traversal,2,,7.5
CVE-2023-31211,directory traversal,2,,8.8
CVE-2023-31446,cookie injection,1,,9.8
CVE-2023-31488,rce,5,,9.8
CVE-2023-32366,directory traversal,2,,7.8
CVE-2023-32378,directory traversal,2,,7.8
CVE-2023-32383,cookie injection,1,,7.8
CVE-2023-32401,directory traversal,2,,7.8
CVE-2023-32424,directory traversal,2,,5.5
CVE-2023-32436,directory traversal,2,,7.1
CVE-2023-32650,directory traversal,2,,7
CVE-2023-32831,directory traversal,2,,5.5
CVE-2023-32872,directory traversal,2,,6.7
CVE-2023-32874,directory traversal,2,,9.8
CVE-2023-32875,directory traversal,2,,4.4
CVE-2023-32876,directory traversal,2,,4.4
CVE-2023-32877,directory traversal,2,,6.7
CVE-2023-32878,directory traversal,2,,4.4
CVE-2023-32879,directory traversal,2,,6.7
CVE-2023-32880,directory traversal,2,,4.4
CVE-2023-32881,directory traversal,2,,4.4
CVE-2023-32882,directory traversal,2,,6.7
CVE-2023-32883,directory traversal,2,,6.7
CVE-2023-32884,directory traversal,2,,6.7
CVE-2023-32885,directory traversal,2,,6.7
CVE-2023-32886,log forging,3,,7.5
CVE-2023-32887,log forging,3,,7.5
CVE-2023-32888,log forging,3,,7.5
CVE-2023-32889,log forging,3,,7.5
CVE-2023-32890,log forging,3,,7.5
CVE-2023-32891,directory traversal,2,,6.7
CVE-2023-33014,directory traversal,2,,7.6
CVE-2023-33025,directory traversal,2,,9.8
CVE-2023-33030,directory traversal,2,,9.3
CVE-2023-33032,directory traversal,2,,9.3
CVE-2023-33033,directory traversal,2,,8.4
CVE-2023-33036,directory traversal,2,,7.1
CVE-2023-33037,directory traversal,2,,7.1
CVE-2023-33038,directory traversal,2,,6.7
CVE-2023-33040,directory traversal,2,,7.5
CVE-2023-33062,directory traversal,2,,7.5
CVE-2023-33085,directory traversal,2,,7.8
CVE-2023-33094,directory traversal,2,,8.4
CVE-2023-33108,directory traversal,2,,8.4
CVE-2023-33109,directory traversal,2,,7.5
CVE-2023-33110,directory traversal,2,,7.8
CVE-2023-33112,directory traversal,2,,7.5
CVE-2023-33113,rce,5,,8.4
CVE-2023-33114,directory traversal,2,,8.4
CVE-2023-33116,directory traversal,2,,7.5
CVE-2023-33117,directory traversal,2,,7.8
CVE-2023-33118,directory traversal,2,,7.8
CVE-2023-33120,directory traversal,2,,7.8
CVE-2023-33472,directory traversal,2,,8.8
CVE-2023-34061,rce,5,,7.5
CVE-2023-34087,directory traversal,2,,7.8
CVE-2023-34436,directory traversal,2,,7.8
CVE-2023-35004,directory traversal,2,,7.8
CVE-2023-35057,directory traversal,2,,7.8
CVE-2023-35128,directory traversal,2,,7
CVE-2023-35702,directory traversal,2,,7.8
CVE-2023-35703,directory traversal,2,,7.8
CVE-2023-35704,directory traversal,2,,7.8
CVE-2023-35955,directory traversal,2,,7.8
CVE-2023-35956,directory traversal,2,,7.8
CVE-2023-35957,directory traversal,2,,7.8
CVE-2023-35958,directory traversal,2,,7.8
CVE-2023-35959,cookie injection,1,,7.8
CVE-2023-35960,cookie injection,1,,7.8
CVE-2023-35961,cookie injection,1,,7.8
CVE-2023-35962,cookie injection,1,,7.8
CVE-2023-35963,cookie injection,1,,7.8
CVE-2023-35964,cookie injection,1,,7.8
CVE-2023-35969,directory traversal,2,,7.8
CVE-2023-35970,directory traversal,2,,7.8
CVE-2023-35989,directory traversal,2,,7.8
CVE-2023-35992,directory traversal,2,,7
CVE-2023-35994,directory traversal,2,,7.8
CVE-2023-35995,directory traversal,2,,7.8
CVE-2023-35996,directory traversal,2,,7.8
CVE-2023-35997,directory traversal,2,,7.8
CVE-2023-36629,directory traversal,2,,5.5
CVE-2023-36746,directory traversal,2,,7
CVE-2023-36747,directory traversal,2,,7
CVE-2023-36861,directory traversal,2,,7.8
CVE-2023-36864,directory traversal,2,,7.8
CVE-2023-36915,directory traversal,2,,7.8
CVE-2023-36916,directory traversal,2,,7.8
CVE-2023-37117,directory traversal,2,,9.8
CVE-2023-3726,directory traversal,2,,4.9
CVE-2023-37282,directory traversal,2,,7.8
CVE-2023-37416,directory traversal,2,,7.8
CVE-2023-37417,directory traversal,2,,7.8
CVE-2023-37418,directory traversal,2,,7.8
CVE-2023-37419,directory traversal,2,,7.8
CVE-2023-37420,directory traversal,2,,7.8
CVE-2023-37442,directory traversal,2,,7.8
CVE-2023-37443,directory traversal,2,,7.8
CVE-2023-37444,directory traversal,2,,7.8
CVE-2023-37445,directory traversal,2,,7.8
CVE-2023-37446,directory traversal,2,,7.8
CVE-2023-37447,directory traversal,2,,7.8
CVE-2023-37573,directory traversal,2,,7.8
CVE-2023-37574,directory traversal,2,,7.8
CVE-2023-37575,directory traversal,2,,7.8
CVE-2023-37576,directory traversal,2,,7.8
CVE-2023-37577,directory traversal,2,,7.8
CVE-2023-37578,directory traversal,2,,7.8
CVE-2023-37607,directory traversal,2,,7.5
CVE-2023-37608,directory traversal,2,,7.5
CVE-2023-37644,directory traversal,2,,5.5
CVE-2023-37921,directory traversal,2,,7.8
CVE-2023-37922,directory traversal,2,,7.8
CVE-2023-37923,directory traversal,2,,7.8
CVE-2023-37932,directory traversal,2,,6.5
CVE-2023-37934,rce,5,,4.3
CVE-2023-38267,rce,5,,6.2
CVE-2023-38583,directory traversal,2,,7.8
CVE-2023-38607,directory traversal,2,,5.5
CVE-2023-38610,directory traversal,2,,7.1
CVE-2023-38612,directory traversal,2,,3.3
CVE-2023-38618,directory traversal,2,,7.8
CVE-2023-38619,directory traversal,2,,7.8
CVE-2023-38620,directory traversal,2,,7.8
CVE-2023-38621,directory traversal,2,,7.8
CVE-2023-38622,directory traversal,2,,7.8
CVE-2023-38623,directory traversal,2,,7.8
CVE-2023-38648,directory traversal,2,,7.8
CVE-2023-38649,directory traversal,2,,7.8
CVE-2023-38650,directory traversal,2,,7
CVE-2023-38651,directory traversal,2,,7
CVE-2023-38652,directory traversal,2,,7
CVE-2023-38653,directory traversal,2,,7
CVE-2023-38657,directory traversal,2,,7.8
CVE-2023-38674,log forging,3,,4.7
CVE-2023-38675,log forging,3,,4.7
CVE-2023-38676,log forging,3,,4.7
CVE-2023-38677,log forging,3,,4.7
CVE-2023-38678,log forging,3,,4.7
CVE-2023-38827,directory traversal,2,,6.1
CVE-2023-39234,directory traversal,2,,7.8
CVE-2023-39235,directory traversal,2,,7.8
CVE-2023-39270,directory traversal,2,,7.8
CVE-2023-39271,directory traversal,2,,7.8
CVE-2023-39272,directory traversal,2,,7.8
CVE-2023-39273,directory traversal,2,,7.8
CVE-2023-39274,directory traversal,2,,7.8
CVE-2023-39275,directory traversal,2,,7.8
CVE-2023-39316,directory traversal,2,,7.8
CVE-2023-39317,directory traversal,2,,7.8
CVE-2023-39336,directory traversal,2,,8.8
CVE-2023-39413,directory traversal,2,,7
CVE-2023-39414,directory traversal,2,,7
CVE-2023-39443,directory traversal,2,,7.8
CVE-2023-39444,directory traversal,2,,7.8
CVE-2023-39655,log forging,3,,9.6
CVE-2023-39853,directory traversal,2,,6.5
CVE-2023-4001,directory traversal,2,,6.8
CVE-2023-40250,directory traversal,2,,8.8
CVE-2023-40362,directory traversal,2,,4.3
CVE-2023-40383,directory traversal,2,,3.3
CVE-2023-40385,directory traversal,2,,6.5
CVE-2023-40393,directory traversal,2,,7.5
CVE-2023-40394,directory traversal,2,,3.3
CVE-2023-40411,directory traversal,2,,5.5
CVE-2023-40414,directory traversal,2,,9.8
CVE-2023-40430,log forging,3,,5.5
CVE-2023-40433,log forging,3,,5.5
CVE-2023-40437,log forging,3,,5.5
CVE-2023-40438,directory traversal,2,,5.5
CVE-2023-40439,log forging,3,,3.3
CVE-2023-40529,directory traversal,2,,2.4
CVE-2023-41056,directory traversal,2,,8.1
CVE-2023-41060,directory traversal,2,,8.8
CVE-2023-41069,directory traversal,2,,5.5
CVE-2023-41075,directory traversal,2,,7.8
CVE-2023-41603,directory traversal,2,,5.3
CVE-2023-4164,directory traversal,2,,8.4
CVE-2023-41710,xss,7,,5.4
CVE-2023-41776,directory traversal,2,,6.7
CVE-2023-41779,directory traversal,2,,4.4
CVE-2023-41780,directory traversal,2,,6.4
CVE-2023-41781,xss,7,,5.7
CVE-2023-41782,directory traversal,2,,3.9
CVE-2023-41783,cookie injection,1,,4.3
CVE-2023-41784,directory traversal,2,,6.6
CVE-2023-41974,directory traversal,2,,7.8
CVE-2023-41987,directory traversal,2,,5.5
CVE-2023-41994,log forging,3,,5.5
CVE-2023-42134,log forging,3,,6.8
CVE-2023-42135,log forging,3,,6.8
CVE-2023-42136,log forging,3,,7.8
CVE-2023-42137,log forging,3,,7.8
CVE-2023-42358,log forging,3,,7.7
CVE-2023-4246,log forging,3,,4.3
CVE-2023-42463,rce,5,,7.4
CVE-2023-4247,log forging,3,,5.4
CVE-2023-4248,log forging,3,,5.4
CVE-2023-42797,cookie injection,1,,6.6
CVE-2023-4280,directory traversal,2,,9.3
CVE-2023-42826,directory traversal,2,,7.8
CVE-2023-42828,directory traversal,2,,7.8
CVE-2023-42829,directory traversal,2,,5.5
CVE-2023-42830,log forging,3,,3.3
CVE-2023-42831,directory traversal,2,,5.5
CVE-2023-42832,directory traversal,2,,7
CVE-2023-42833,directory traversal,2,,8.8
CVE-2023-42862,directory traversal,2,,6.5
CVE-2023-42865,directory traversal,2,,6.5
CVE-2023-42866,directory traversal,2,,8.8
CVE-2023-42869,directory traversal,2,,7.5
CVE-2023-42870,directory traversal,2,,7.8
CVE-2023-42871,directory traversal,2,,7.8
CVE-2023-42872,directory traversal,2,,5.5
CVE-2023-42876,log forging,3,,7.1
CVE-2023-42929,directory traversal,2,,5.5
CVE-2023-42933,directory traversal,2,,7.8
CVE-2023-42934,directory traversal,2,,4.2
CVE-2023-42941,log forging,3,,4.8
CVE-2023-43511,directory traversal,2,,7.5
CVE-2023-43512,directory traversal,2,,7.5
CVE-2023-43514,directory traversal,2,,8.4
CVE-2023-4372,cookie injection,1,,6.4
CVE-2023-44120,cookie injection,1,,7.8
CVE-2023-44250,directory traversal,2,,8.8
CVE-2023-45139,directory traversal,2,,7.5
CVE-2023-45169,rce,5,,6.2
CVE-2023-45171,rce,5,,6.2
CVE-2023-45173,rce,5,,6.2
CVE-2023-45175,rce,5,,6.2
CVE-2023-45559,directory traversal,2,,8.2
CVE-2023-45561,directory traversal,2,,5.3
CVE-2023-45722,directory traversal,2,,8.8
CVE-2023-45723,directory traversal,2,,7.6
CVE-2023-45724,directory traversal,2,,8.2
CVE-2023-45892,directory traversal,2,,7.5
CVE-2023-45893,directory traversal,2,,7.5
CVE-2023-46226,directory traversal,2,,9.8
CVE-2023-46308,directory traversal,2,,9.8
CVE-2023-46474,directory traversal,2,,7.2
CVE-2023-46712,directory traversal,2,,7.2
CVE-2023-46738,rce,5,,6.5
CVE-2023-46739,rce,5,,6.5
CVE-2023-46740,rce,5,,6.5
CVE-2023-46741,log forging,3,,4.8
CVE-2023-46742,log forging,3,,4.8
CVE-2023-46749,directory traversal,2,,6.5
CVE-2023-46906,directory traversal,2,,4.9
CVE-2023-46929,directory traversal,2,,7.5
CVE-2023-46942,directory traversal,2,,7.5
CVE-2023-46943,directory traversal,2,,9.1
CVE-2023-46953,directory traversal,2,,9.8
CVE-2023-47039,directory traversal,2,,7.8
CVE-2023-47140,directory traversal,2,,4
CVE-2023-47145,rce,5,,8.4
CVE-2023-47171,directory traversal,2,,6.5
CVE-2023-47211,directory traversal,2,,9.1
CVE-2023-47216,rce,5,,2.9
CVE-2023-47219,cookie injection,1,,3.5
CVE-2023-47458,directory traversal,2,,9.8
CVE-2023-47473,xss,7,,7.5
CVE-2023-47559,cookie injection,1,,5.5
CVE-2023-47560,cookie injection,1,,7.4
CVE-2023-47857,directory traversal,2,,4
CVE-2023-47858,directory traversal,2,,4.3
CVE-2023-47861,xss,7,,9
CVE-2023-47862,directory traversal,2,,9.8
CVE-2023-47890,directory traversal,2,,8.8
CVE-2023-47992,log forging,3,,8.8
CVE-2023-47993,log forging,3,,6.5
CVE-2023-47994,log forging,3,,8.8
CVE-2023-47995,log forging,3,,6.5
CVE-2023-47996,log forging,3,,6.5
CVE-2023-47997,log forging,3,,6.5
CVE-2023-4812,directory traversal,2,,7.6
CVE-2023-48166,directory traversal,2,,7.5
CVE-2023-4818,log forging,3,,7.6
CVE-2023-48242,directory traversal,2,,6.5
CVE-2023-48243,directory traversal,2,,8.1
CVE-2023-48244,cookie injection,1,,5.3
CVE-2023-48245,directory traversal,2,,6.5
CVE-2023-48246,directory traversal,2,,6.5
CVE-2023-48247,directory traversal,2,,5.3
CVE-2023-48248,xss,7,,5.5
CVE-2023-48249,cookie injection,1,,6.5
CVE-2023-48250,directory traversal,2,,8.1
CVE-2023-48251,directory traversal,2,,8.1
CVE-2023-48252,directory traversal,2,,8.8
CVE-2023-48253,directory traversal,2,,8.8
CVE-2023-48254,cookie injection,1,,5.3
CVE-2023-48255,log forging,3,,6.3
CVE-2023-48256,cookie injection,1,,5.3
CVE-2023-48257,directory traversal,2,,7.8
CVE-2023-48258,directory traversal,2,,5.5
CVE-2023-48259,directory traversal,2,,5.3
CVE-2023-48260,directory traversal,2,,5.3
CVE-2023-48261,directory traversal,2,,5.3
CVE-2023-48262,directory traversal,2,,8.1
CVE-2023-48263,directory traversal,2,,8.1
CVE-2023-48264,directory traversal,2,,8.1
CVE-2023-48265,directory traversal,2,,8.1
CVE-2023-48266,directory traversal,2,,8.1
CVE-2023-48297,directory traversal,2,,8.6
CVE-2023-48360,directory traversal,2,,4
CVE-2023-48383,directory traversal,2,,7.5
CVE-2023-48419,directory traversal,2,,10
CVE-2023-48728,xss,7,,9.6
CVE-2023-48730,xss,7,,8.5
CVE-2023-48732,directory traversal,2,,4.3
CVE-2023-48783,directory traversal,2,,5.4
CVE-2023-48864,cookie injection,1,,7.5
CVE-2023-48909,directory traversal,2,,8.8
CVE-2023-49098,directory traversal,2,,3.5
CVE-2023-49099,log forging,3,,3.1
CVE-2023-49121,directory traversal,2,,7.8
CVE-2023-49122,directory traversal,2,,7.8
CVE-2023-49123,directory traversal,2,,7.8
CVE-2023-49124,directory traversal,2,,7.8
CVE-2023-49126,directory traversal,2,,7.8
CVE-2023-49127,directory traversal,2,,7.8
CVE-2023-49128,directory traversal,2,,7.8
CVE-2023-49129,directory traversal,2,,7.8
CVE-2023-49130,directory traversal,2,,7.8
CVE-2023-49131,directory traversal,2,,7.8
CVE-2023-49132,directory traversal,2,,7.8
CVE-2023-49135,directory traversal,2,,4
CVE-2023-49142,directory traversal,2,,4
CVE-2023-49235,directory traversal,2,,9.8
CVE-2023-49236,directory traversal,2,,9.8
CVE-2023-49237,cookie injection,1,,9.8
CVE-2023-49238,log forging,3,,9.8
CVE-2023-4925,directory traversal,2,,4.8
CVE-2023-49251,log forging,3,,8.8
CVE-2023-49252,log forging,3,,7.5
CVE-2023-49253,directory traversal,2,,9.8
CVE-2023-49254,directory traversal,2,,8.8
CVE-2023-49255,log forging,3,,9.8
CVE-2023-49256,directory traversal,2,,7.5
CVE-2023-49257,directory traversal,2,,8.8
CVE-2023-49258,cookie injection,1,,6.1
CVE-2023-49259,cookie injection,1,,7.5
CVE-2023-49260,directory traversal,2,,6.1
CVE-2023-49261,log forging,3,,7.5
CVE-2023-49262,directory traversal,2,,9.8
CVE-2023-49295,directory traversal,2,,6.4
CVE-2023-49394,directory traversal,2,,6.1
CVE-2023-49427,log forging,3,,7.5
CVE-2023-49442,directory traversal,2,,9.8
CVE-2023-49471,directory traversal,2,,8.8
CVE-2023-49549,log forging,3,,7.5
CVE-2023-49550,log forging,3,,7.5
CVE-2023-49551,log forging,3,,7.5
CVE-2023-49552,log forging,3,,7.5
CVE-2023-49553,log forging,3,,7.5
CVE-2023-49554,log forging,3,,5.5
CVE-2023-49555,log forging,3,,5.5
CVE-2023-49556,log forging,3,,5.5
CVE-2023-49557,log forging,3,,5.5
CVE-2023-49558,log forging,3,,5.5
CVE-2023-49589,directory traversal,2,,8.8
CVE-2023-49599,log forging,3,,9.8
CVE-2023-4960,cookie injection,1,,6.4
CVE-2023-49619,rce,5,,3.1
CVE-2023-4962,cookie injection,1,,6.4
CVE-2023-49621,directory traversal,2,,9.8
CVE-2023-49622,rce,5,,9.8
CVE-2023-49624,rce,5,,9.8
CVE-2023-49625,rce,5,,9.8
CVE-2023-49633,rce,5,,9.8
CVE-2023-49639,rce,5,,9.8
CVE-2023-49647,directory traversal,2,,8.8
CVE-2023-49658,rce,5,,9.8
CVE-2023-49665,rce,5,,9.8
CVE-2023-49666,rce,5,,9.8
CVE-2023-49715,directory traversal,2,,4.3
CVE-2023-49722,directory traversal,2,,8.3
CVE-2023-49738,directory traversal,2,,7.5
CVE-2023-49794,log forging,3,,6.7
CVE-2023-49801,log forging,3,,4.2
CVE-2023-49810,log forging,3,,7.3
CVE-2023-49862,directory traversal,2,,6.5
CVE-2023-49863,directory traversal,2,,6.5
CVE-2023-49864,directory traversal,2,,6.5
CVE-2023-49961,directory traversal,2,,7.5
CVE-2023-50019,directory traversal,2,,5.9
CVE-2023-50020,directory traversal,2,,7.5
CVE-2023-50027,directory traversal,2,,9.8
CVE-2023-50072,directory traversal,2,,5.4
CVE-2023-50082,log forging,3,,7.5
CVE-2023-50090,directory traversal,2,,9.8
CVE-2023-50092,directory traversal,2,,6.1
CVE-2023-50093,directory traversal,2,,6.1
CVE-2023-50094,directory traversal,2,,8.8
CVE-2023-50096,directory traversal,2,,7.5
CVE-2023-50120,directory traversal,2,,5.5
CVE-2023-50121,log forging,3,,5.7
CVE-2023-50123,rce,5,,8.1
CVE-2023-50124,directory traversal,2,,6.8
CVE-2023-50125,directory traversal,2,,5.9
CVE-2023-50126,directory traversal,2,,6.5
CVE-2023-50127,directory traversal,2,,5.9
CVE-2023-50128,directory traversal,2,,5.3
CVE-2023-50129,directory traversal,2,,6.5
CVE-2023-50136,directory traversal,2,,5.4
CVE-2023-50159,directory traversal,2,,8.8
CVE-2023-50162,cookie injection,1,,7.2
CVE-2023-50172,directory traversal,2,,5.3
CVE-2023-50253,log forging,3,,9.6
CVE-2023-50256,rce,5,,7.5
CVE-2023-50290,directory traversal,2,,6.5
CVE-2023-50333,directory traversal,2,,3.7
CVE-2023-50341,directory traversal,2,,7.6
CVE-2023-50342,directory traversal,2,,7.1
CVE-2023-50343,directory traversal,2,,8.3
CVE-2023-50344,directory traversal,2,,5.4
CVE-2023-50345,directory traversal,2,,3.7
CVE-2023-50346,directory traversal,2,,3.1
CVE-2023-50348,directory traversal,2,,3.1
CVE-2023-50350,directory traversal,2,,8.2
CVE-2023-50351,directory traversal,2,,8.2
CVE-2023-50585,directory traversal,2,,9.8
CVE-2023-50609,xss,7,,6.1
CVE-2023-50612,directory traversal,2,,7.8
CVE-2023-50630,xss,7,,6.1
CVE-2023-50643,directory traversal,2,,9.8
CVE-2023-50671,directory traversal,2,,7.8
CVE-2023-50711,directory traversal,2,,5.7
CVE-2023-50729,rce,5,,8.4
CVE-2023-50743,rce,5,,9.8
CVE-2023-50752,log forging,3,,9.8
CVE-2023-50753,rce,5,,9.8
CVE-2023-50760,directory traversal,2,,8.8
CVE-2023-50862,rce,5,,9.8
CVE-2023-50863,rce,5,,9.8
CVE-2023-50864,rce,5,,9.8
CVE-2023-50865,rce,5,,9.8
CVE-2023-50866,log forging,3,,9.8
CVE-2023-50867,rce,5,,9.8
CVE-2023-5091,directory traversal,2,,5.5
CVE-2023-50916,rce,5,,7.2
CVE-2023-50919,directory traversal,2,,9.8
CVE-2023-50920,directory traversal,2,,5.5
CVE-2023-50921,directory traversal,2,,9.8
CVE-2023-50922,cookie injection,1,,7.2
CVE-2023-50930,log forging,3,,8.3
CVE-2023-50931,log forging,3,,8.3
CVE-2023-50932,log forging,3,,8.3
CVE-2023-50948,rce,5,,6.5
CVE-2023-50974,log forging,3,,5.5
CVE-2023-50982,directory traversal,2,,9
CVE-2023-50991,log forging,3,,7.5
CVE-2023-51062,log forging,3,,5.3
CVE-2023-51063,directory traversal,2,,8.8
CVE-2023-51064,directory traversal,2,,6.1
CVE-2023-51065,directory traversal,2,,7.5
CVE-2023-51066,directory traversal,2,,8.8
CVE-2023-51067,xss,7,,6.1
CVE-2023-51068,xss,7,,5.4
CVE-2023-51070,directory traversal,2,,7.5
CVE-2023-51071,directory traversal,2,,6.5
CVE-2023-51073,directory traversal,2,,8.1
CVE-2023-51123,directory traversal,2,,9.8
CVE-2023-51126,cookie injection,1,,9.8
CVE-2023-51127,directory traversal,2,,7.5
CVE-2023-51154,directory traversal,2,,9.8
CVE-2023-51246,rce,5,,5.4
CVE-2023-51252,directory traversal,2,,5.4
CVE-2023-51277,directory traversal,2,,9.8
CVE-2023-51350,xss,7,,9.8
CVE-2023-5138,directory traversal,2,,6.8
CVE-2023-51406,directory traversal,2,,5.3
CVE-2023-51408,rce,5,,5.3
CVE-2023-51438,directory traversal,2,,10
CVE-2023-51439,directory traversal,2,,7.8
CVE-2023-51490,directory traversal,2,,5.3
CVE-2023-51502,rce,5,,7.5
CVE-2023-51508,directory traversal,2,,5.3
CVE-2023-51535,directory traversal,2,,4.3
CVE-2023-51538,directory traversal,2,,4.3
CVE-2023-51539,directory traversal,2,,4.3
CVE-2023-51652,rce,5,,6.1
CVE-2023-51668,directory traversal,2,,4.3
CVE-2023-51673,directory traversal,2,,5.4
CVE-2023-51678,rce,5,,4.3
CVE-2023-51698,directory traversal,2,,9.6
CVE-2023-51701,directory traversal,2,,5.3
CVE-2023-51717,directory traversal,2,,9.8
CVE-2023-51744,log forging,3,,3.3
CVE-2023-51745,directory traversal,2,,7.8
CVE-2023-51746,directory traversal,2,,7.8
CVE-2023-51748,directory traversal,2,,8.8
CVE-2023-51749,directory traversal,2,,8.8
CVE-2023-51750,directory traversal,2,,4.6
CVE-2023-51751,directory traversal,2,,6.8
CVE-2023-51780,directory traversal,2,,7
CVE-2023-51781,directory traversal,2,,7
CVE-2023-51782,directory traversal,2,,7
CVE-2023-51790,directory traversal,2,,6.1
CVE-2023-51804,directory traversal,2,,7.5
CVE-2023-51805,sql injection,1,,6.5
CVE-2023-51806,directory traversal,2,,5.4
CVE-2023-51812,directory traversal,2,,9.8
CVE-2023-51949,directory traversal,2,,8.8
CVE-2023-51952,directory traversal,2,,9.8
CVE-2023-51953,directory traversal,2,,9.8
CVE-2023-51954,directory traversal,2,,9.8
CVE-2023-51955,directory traversal,2,,9.8
CVE-2023-51956,directory traversal,2,,9.8
CVE-2023-51957,directory traversal,2,,9.8
CVE-2023-51958,directory traversal,2,,9.8
CVE-2023-51959,directory traversal,2,,9.8
CVE-2023-51960,directory traversal,2,,9.8
CVE-2023-51961,directory traversal,2,,9.8
CVE-2023-51962,directory traversal,2,,9.8
CVE-2023-51963,directory traversal,2,,9.8
CVE-2023-51964,directory traversal,2,,9.8
CVE-2023-51965,directory traversal,2,,9.8
CVE-2023-51966,directory traversal,2,,9.8
CVE-2023-51967,directory traversal,2,,9.8
CVE-2023-51968,directory traversal,2,,9.8
CVE-2023-51969,directory traversal,2,,9.8
CVE-2023-51970,directory traversal,2,,9.8
CVE-2023-51971,directory traversal,2,,9.8
CVE-2023-51972,cookie injection,1,,9.8
CVE-2023-51978,directory traversal,2,,6.5
CVE-2023-51984,cookie injection,1,,9.8
CVE-2023-51987,log forging,3,,9.8
CVE-2023-51989,log forging,3,,9.8
CVE-2023-52026,directory traversal,2,,9.8
CVE-2023-52027,directory traversal,2,,9.8
CVE-2023-52028,directory traversal,2,,9.8
CVE-2023-52029,directory traversal,2,,9.8
CVE-2023-52030,directory traversal,2,,9.8
CVE-2023-52031,directory traversal,2,,9.8
CVE-2023-52032,directory traversal,2,,9.8
CVE-2023-52064,cookie injection,1,,9.8
CVE-2023-52072,directory traversal,2,,8.8
CVE-2023-52073,directory traversal,2,,8.8
CVE-2023-52074,directory traversal,2,,8.8
CVE-2023-52119,directory traversal,2,,4.3
CVE-2023-52120,directory traversal,2,,5.4
CVE-2023-52121,directory traversal,2,,5.4
CVE-2023-52122,directory traversal,2,,4.3
CVE-2023-52123,directory traversal,2,,4.3
CVE-2023-52124,directory traversal,2,,6.5
CVE-2023-52125,directory traversal,2,,6.5
CVE-2023-52126,directory traversal,2,,5.3
CVE-2023-52127,rce,5,,4.3
CVE-2023-52128,directory traversal,2,,4.3
CVE-2023-52129,directory traversal,2,,6.3
CVE-2023-52130,directory traversal,2,,4.3
CVE-2023-52136,directory traversal,2,,4.3
CVE-2023-52142,directory traversal,2,,7.6
CVE-2023-52143,directory traversal,2,,7.5
CVE-2023-52145,directory traversal,2,,4.3
CVE-2023-52146,directory traversal,2,,5.3
CVE-2023-52148,directory traversal,2,,5.3
CVE-2023-52149,directory traversal,2,,5.4
CVE-2023-52150,directory traversal,2,,8.8
CVE-2023-52151,directory traversal,2,,5.3
CVE-2023-52178,directory traversal,2,,6.5
CVE-2023-52184,directory traversal,2,,4.3
CVE-2023-52190,directory traversal,2,,7.5
CVE-2023-52196,directory traversal,2,,7.1
CVE-2023-52197,directory traversal,2,,5.9
CVE-2023-52198,directory traversal,2,,6.5
CVE-2023-52200,directory traversal,2,,9.6
CVE-2023-52201,directory traversal,2,,7.6
CVE-2023-52202,directory traversal,2,,9.1
CVE-2023-52203,directory traversal,2,,5.9
CVE-2023-52204,directory traversal,2,,8.5
CVE-2023-52205,directory traversal,2,,9.1
CVE-2023-52206,directory traversal,2,,7.7
CVE-2023-52207,directory traversal,2,,9.1
CVE-2023-52208,directory traversal,2,,5.3
CVE-2023-52213,directory traversal,2,,7.1
CVE-2023-52215,rce,5,,9.3
CVE-2023-52216,directory traversal,2,,4.3
CVE-2023-52218,rce,5,,10
CVE-2023-52219,directory traversal,2,,9.9
CVE-2023-52222,rce,5,,4.3
CVE-2023-52225,directory traversal,2,,10
CVE-2023-52271,directory traversal,2,,6.5
CVE-2023-52274,directory traversal,2,,6.1
CVE-2023-52288,directory traversal,2,,7.5
CVE-2023-52289,directory traversal,2,,7.5
CVE-2023-52302,log forging,3,,4.7
CVE-2023-52303,log forging,3,,4.7
CVE-2023-52304,log forging,3,,8.2
CVE-2023-52305,log forging,3,,4.7
CVE-2023-52306,log forging,3,,4.7
CVE-2023-52307,log forging,3,,8.2
CVE-2023-52308,log forging,3,,4.7
CVE-2023-52309,log forging,3,,8.2
CVE-2023-52310,cookie injection,1,,9.6
CVE-2023-52311,cookie injection,1,,9.6
CVE-2023-52312,log forging,3,,4.7
CVE-2023-52313,log forging,3,,4.7
CVE-2023-52314,cookie injection,1,,9.6
CVE-2023-52322,directory traversal,2,,6.1
CVE-2023-52323,directory traversal,2,,5.9
CVE-2023-52339,directory traversal,2,,6.5
CVE-2023-5235,log forging,3,,8.8
CVE-2023-5253,directory traversal,2,,5.3
CVE-2023-5347,directory traversal,2,,9.8
CVE-2023-5356,directory traversal,2,,7.3
CVE-2023-5376,directory traversal,2,,8.6
CVE-2023-5448,log forging,3,,8.8
CVE-2023-5455,cookie injection,1,,6.5
CVE-2023-5504,directory traversal,2,,8.7
CVE-2023-5691,cookie injection,1,,4.4
CVE-2023-5770,cookie injection,1,,5.3
CVE-2023-5877,directory traversal,2,,9.8
CVE-2023-5879,directory traversal,2,,6.8
CVE-2023-5880,cookie injection,1,,8.8
CVE-2023-5881,directory traversal,2,,8.2
CVE-2023-5905,log forging,3,,8.1
CVE-2023-5911,directory traversal,2,,4.8
CVE-2023-5957,log forging,3,,7.2
CVE-2023-6000,cookie injection,1,,6.1
CVE-2023-6004,cookie injection,1,,4.8
CVE-2023-6029,directory traversal,2,,7.5
CVE-2023-6037,directory traversal,2,,4.8
CVE-2023-6040,directory traversal,2,,7.8
CVE-2023-6042,directory traversal,2,,7.5
CVE-2023-6048,directory traversal,2,,6.5
CVE-2023-6049,cookie injection,1,,9.8
CVE-2023-6050,directory traversal,2,,6.1
CVE-2023-6064,log forging,3,,7.5
CVE-2023-6066,directory traversal,2,,4.3
CVE-2023-6113,directory traversal,2,,7.5
CVE-2023-6139,directory traversal,2,,6.5
CVE-2023-6140,directory traversal,2,,8.8
CVE-2023-6141,directory traversal,2,,5.4
CVE-2023-6147,log forging,3,,5.7
CVE-2023-6148,log forging,3,,5.7
CVE-2023-6149,log forging,3,,5.7
CVE-2023-6158,cookie injection,1,,6.5
CVE-2023-6161,directory traversal,2,,6.1
CVE-2023-6163,directory traversal,2,,4.8
CVE-2023-6220,directory traversal,2,,8.1
CVE-2023-6223,directory traversal,2,,4.3
CVE-2023-6242,log forging,3,,6.5
CVE-2023-6244,log forging,3,,6.5
CVE-2023-6266,directory traversal,2,,7.5
CVE-2023-6270,log forging,3,,7
CVE-2023-6271,directory traversal,2,,7.5
CVE-2023-6316,directory traversal,2,,9.8
CVE-2023-6338,directory traversal,2,,7.8
CVE-2023-6339,directory traversal,2,,10
CVE-2023-6369,directory traversal,2,,5.4
CVE-2023-6383,log forging,3,,7.5
CVE-2023-6421,directory traversal,2,,7.5
CVE-2023-6436,directory traversal,2,,9.8
CVE-2023-6446,cookie injection,1,,4.4
CVE-2023-6476,log forging,3,,6.5
CVE-2023-6485,directory traversal,2,,5.4
CVE-2023-6493,log forging,3,,4.3
CVE-2023-6496,directory traversal,2,,5.3
CVE-2023-6498,cookie injection,1,,4.4
CVE-2023-6504,directory traversal,2,,4.3
CVE-2023-6505,directory traversal,2,,7.5
CVE-2023-6506,directory traversal,2,,4.3
CVE-2023-6520,log forging,3,,4.3
CVE-2023-6524,cookie injection,1,,6.4
CVE-2023-6528,directory traversal,2,,8.8
CVE-2023-6529,directory traversal,2,,6.1
CVE-2023-6532,log forging,3,,8.8
CVE-2023-6540,directory traversal,2,,6.5
CVE-2023-6552,directory traversal,2,,6.1
CVE-2023-6555,xss,7,,6.1
CVE-2023-6556,rce,5,,5.4
CVE-2023-6558,directory traversal,2,,7.2
CVE-2023-6561,cookie injection,1,,6.4
CVE-2023-6567,directory traversal,2,,9.8
CVE-2023-6582,directory traversal,2,,5.3
CVE-2023-6583,directory traversal,2,,6.6
CVE-2023-6594,cookie injection,1,,4.4
CVE-2023-6598,rce,5,,4.3
CVE-2023-6600,cookie injection,1,,8.6
CVE-2023-6620,cookie injection,1,,7.2
CVE-2023-6621,directory traversal,2,,6.1
CVE-2023-6623,directory traversal,2,,9.8
CVE-2023-6624,cookie injection,1,,4.9
CVE-2023-6627,xss,7,,6.1
CVE-2023-6629,log forging,3,,6.1
CVE-2023-6630,directory traversal,2,,4.3
CVE-2023-6631,directory traversal,2,,7.5
CVE-2023-6632,cookie injection,1,,6.1
CVE-2023-6634,directory traversal,2,,8.1
CVE-2023-6636,directory traversal,2,,7.2
CVE-2023-6637,directory traversal,2,,6.5
CVE-2023-6638,directory traversal,2,,6.5
CVE-2023-6645,cookie injection,1,,6.4
CVE-2023-6683,log forging,3,,6.5
CVE-2023-6684,cookie injection,1,,6.4
CVE-2023-6693,directory traversal,2,,4.9
CVE-2023-6699,directory traversal,2,,9.1
CVE-2023-6733,directory traversal,2,,6.5
CVE-2023-6735,directory traversal,2,,8.8
CVE-2023-6737,cookie injection,1,,4.7
CVE-2023-6738,cookie injection,1,,5.4
CVE-2023-6740,directory traversal,2,,8.8
CVE-2023-6742,directory traversal,2,,4.3
CVE-2023-6747,cookie injection,1,,6.4
CVE-2023-6751,directory traversal,2,,7.3
CVE-2023-6776,cookie injection,1,,6.4
CVE-2023-6781,cookie injection,1,,6.4
CVE-2023-6782,cookie injection,1,,6.4
CVE-2023-6788,log forging,3,,5.4
CVE-2023-6798,log forging,3,,5.4
CVE-2023-6801,log forging,3,,6.4
CVE-2023-6828,cookie injection,1,,7.2
CVE-2023-6830,cookie injection,1,,6.5
CVE-2023-6842,cookie injection,1,,4.4
CVE-2023-6843,log forging,3,,4.3
CVE-2023-6845,log forging,3,,8.8
CVE-2023-6855,xss,7,,5.3
CVE-2023-6875,log forging,3,,9.8
CVE-2023-6878,directory traversal,2,,8.8
CVE-2023-6882,cookie injection,1,,6.1
CVE-2023-6883,directory traversal,2,,4.3
CVE-2023-6915,log forging,3,,6.2
CVE-2023-6921,cookie injection,1,,9.8
CVE-2023-6924,cookie injection,1,,4.4
CVE-2023-6934,cookie injection,1,,6.4
CVE-2023-6938,cookie injection,1,,6.4
CVE-2023-6941,directory traversal,2,,4.8
CVE-2023-6944,log forging,3,,5.7
CVE-2023-6955,directory traversal,2,,6.6
CVE-2023-6979,rce,5,,9.8
CVE-2023-6980,log forging,3,,4.3
CVE-2023-6981,rce,5,,6.1
CVE-2023-6984,log forging,3,,5.3
CVE-2023-6986,cookie injection,1,,6.4
CVE-2023-6988,cookie injection,1,,6.4
CVE-2023-6990,cookie injection,1,,5.4
CVE-2023-6991,directory traversal,2,,8.8
CVE-2023-6994,cookie injection,1,,6.5
CVE-2023-7019,directory traversal,2,,4.3
CVE-2023-7027,log forging,3,,7.2
CVE-2023-7044,rce,5,,6.4
CVE-2023-7048,log forging,3,,3.1
CVE-2023-7068,rce,5,,4.3
CVE-2023-7070,cookie injection,1,,6.4
CVE-2023-7071,cookie injection,1,,6.4
CVE-2023-7192,log forging,3,,5.5
CVE-2023-7206,directory traversal,2,,7.8
CVE-2023-7208,directory traversal,2,,8
CVE-2023-7209,log forging,3,,7.5
CVE-2023-7210,directory traversal,2,,7.3
CVE-2023-7211,directory traversal,2,,5.6
CVE-2023-7212,directory traversal,2,,4.7
CVE-2023-7213,log forging,3,,6.3
CVE-2023-7214,log forging,3,,6.3
CVE-2023-7215,xss,7,,3.5
CVE-2023-7218,log forging,3,,7.2
CVE-2023-7219,log forging,3,,7.2
CVE-2023-7220,log forging,3,,9.8
CVE-2023-7221,log forging,3,,9.8
CVE-2023-7222,directory traversal,2,,7.2
CVE-2023-7223,log forging,3,,5.3
CVE-2023-7224,directory traversal,2,,7.8
CVE-2023-7226,directory traversal,2,,6.3
CVE-2024-0056,directory traversal,2,,8.7
CVE-2024-0057,directory traversal,2,,9.1
CVE-2024-0181,xss,7,,2.4
CVE-2024-0182,sql injection,1,,7.3
CVE-2024-0183,xss,7,,2.4
CVE-2024-0184,xss,7,,2.4
CVE-2024-0185,directory traversal,2,,4.7
CVE-2024-0186,directory traversal,2,,3.7
CVE-2024-0188,directory traversal,2,,3.1
CVE-2024-0189,xss,7,,3.5
CVE-2024-0190,xss,7,,3.5
CVE-2024-0191,directory traversal,2,,5.3
CVE-2024-0192,directory traversal,2,,6.3
CVE-2024-0193,directory traversal,2,,7.8
CVE-2024-0194,directory traversal,2,,6.3
CVE-2024-0195,cookie injection,1,,6.3
CVE-2024-0196,rce,5,,6.3
CVE-2024-0201,rce,5,,5.4
CVE-2024-0206,directory traversal,2,,7.1
CVE-2024-0207,cookie injection,1,,7.8
CVE-2024-0208,cookie injection,1,,7.8
CVE-2024-0209,cookie injection,1,,7.8
CVE-2024-0210,cookie injection,1,,7.8
CVE-2024-0211,cookie injection,1,,7.8
CVE-2024-0213,directory traversal,2,,7
CVE-2024-0217,directory traversal,2,,3.3
CVE-2024-0222,directory traversal,2,,8.8
CVE-2024-0223,directory traversal,2,,8.8
CVE-2024-0224,directory traversal,2,,8.8
CVE-2024-0225,directory traversal,2,,8.8
CVE-2024-0226,xss,7,,4.8
CVE-2024-0230,directory traversal,2,,2.4
CVE-2024-0241,rce,5,,7.5
CVE-2024-0246,xss,7,,4.3
CVE-2024-0247,sql injection,1,,7.3
CVE-2024-0251,cookie injection,1,,6.1
CVE-2024-0252,directory traversal,2,,8.8
CVE-2024-0260,rce,5,,4.3
CVE-2024-0261,log forging,3,,5.3
CVE-2024-0262,xss,7,,2.4
CVE-2024-0263,log forging,3,,5.3
CVE-2024-0264,rce,5,,7.3
CVE-2024-0265,rce,5,,6.3
CVE-2024-0266,xss,7,,4.3
CVE-2024-0267,sql injection,1,,7.3
CVE-2024-0268,sql injection,1,,7.3
CVE-2024-0270,sql injection,1,,6.3
CVE-2024-0271,sql injection,1,,6.3
CVE-2024-0272,sql injection,1,,6.3
CVE-2024-0273,sql injection,1,,6.3
CVE-2024-0274,sql injection,1,,6.3
CVE-2024-0275,sql injection,1,,6.3
CVE-2024-0276,sql injection,1,,6.3
CVE-2024-0277,sql injection,1,,6.3
CVE-2024-0278,sql injection,1,,6.3
CVE-2024-0279,sql injection,1,,6.3
CVE-2024-0280,sql injection,1,,6.3
CVE-2024-0281,sql injection,1,,6.3
CVE-2024-0282,xss,7,,3.5
CVE-2024-0283,xss,7,,3.5
CVE-2024-0284,xss,7,,3.5
CVE-2024-0286,xss,7,,4.3
CVE-2024-0287,sql injection,1,,6.3
CVE-2024-0288,sql injection,1,,6.3
CVE-2024-0289,sql injection,1,,6.3
CVE-2024-0290,sql injection,1,,6.3
CVE-2024-0291,cookie injection,1,,6.3
CVE-2024-0292,cookie injection,1,,6.3
CVE-2024-0293,cookie injection,1,,6.3
CVE-2024-0294,cookie injection,1,,7.3
CVE-2024-0295,cookie injection,1,,7.3
CVE-2024-0296,cookie injection,1,,7.3
CVE-2024-0297,cookie injection,1,,7.3
CVE-2024-0298,cookie injection,1,,7.3
CVE-2024-0299,cookie injection,1,,7.3
CVE-2024-0300,directory traversal,2,,6.3
CVE-2024-0301,sql injection,1,,6.3
CVE-2024-0302,rce,5,,6.3
CVE-2024-0303,log forging,3,,6.3
CVE-2024-0304,log forging,3,,6.3
CVE-2024-0305,log forging,3,,5.3
CVE-2024-0306,sql injection,1,,7.3
CVE-2024-0307,sql injection,1,,7.3
CVE-2024-0308,log forging,3,,6.3
CVE-2024-0310,directory traversal,2,,6.1
CVE-2024-0314,directory traversal,2,,5.4
CVE-2024-0315,directory traversal,2,,6.6
CVE-2024-0316,directory traversal,2,,6.8
CVE-2024-0317,directory traversal,2,,5.4
CVE-2024-0318,directory traversal,2,,5.4
CVE-2024-0319,directory traversal,2,,5.4
CVE-2024-0320,directory traversal,2,,5.4
CVE-2024-0321,directory traversal,2,,9.8
CVE-2024-0322,directory traversal,2,,9.1
CVE-2024-0333,directory traversal,2,,5.3
CVE-2024-0340,directory traversal,2,,4.4
CVE-2024-0341,directory traversal,2,,3.5
CVE-2024-0342,sql injection,1,,6.3
CVE-2024-0343,xss,7,,4.3
CVE-2024-0344,sql injection,1,,5.5
CVE-2024-0345,cookie injection,1,,4.3
CVE-2024-0346,xss,7,,3.5
CVE-2024-0347,rce,5,,3.7
CVE-2024-0348,rce,5,,4.3
CVE-2024-0349,cookie injection,1,,3.7
CVE-2024-0350,rce,5,,3.1
CVE-2024-0351,rce,5,,3.1
CVE-2024-0352,directory traversal,2,,7.3
CVE-2024-0354,directory traversal,2,,5.3
CVE-2024-0355,sql injection,1,,5.5
CVE-2024-0356,log forging,3,,4.3
CVE-2024-0357,sql injection,1,,5.5
CVE-2024-0358,directory traversal,2,,5.3
CVE-2024-0359,sql injection,1,,7.3
CVE-2024-0360,sql injection,1,,5.5
CVE-2024-0361,sql injection,1,,5.5
CVE-2024-0362,sql injection,1,,5.5
CVE-2024-0363,sql injection,1,,5.5
CVE-2024-0364,sql injection,1,,5.5
CVE-2024-0389,sql injection,1,,6.3
CVE-2024-0411,directory traversal,2,,5.3
CVE-2024-0412,directory traversal,2,,5.3
CVE-2024-0413,directory traversal,2,,5.3
CVE-2024-0414,directory traversal,2,,5.3
CVE-2024-0415,directory traversal,2,,6.3
CVE-2024-0416,directory traversal,2,,5.4
CVE-2024-0417,directory traversal,2,,5.4
CVE-2024-0418,log forging,3,,5.3
CVE-2024-0419,log forging,3,,5.3
CVE-2024-0422,xss,7,,3.5
CVE-2024-0423,xss,7,,3.5
CVE-2024-0424,xss,7,,3.5
CVE-2024-0425,directory traversal,2,,5.3
CVE-2024-0426,sql injection,1,,6.3
CVE-2024-0429,log forging,3,,7.3
CVE-2024-0443,directory traversal,2,,5.5
CVE-2024-0454,directory traversal,2,,6
CVE-2024-0459,sql injection,1,,4.7
CVE-2024-0460,sql injection,1,,6.3
CVE-2024-0461,sql injection,1,,6.3
CVE-2024-0462,sql injection,1,,6.3
CVE-2024-0463,sql injection,1,,6.3
CVE-2024-0464,sql injection,1,,6.3
CVE-2024-0465,directory traversal,2,,3.5
CVE-2024-0466,sql injection,1,,5.5
CVE-2024-0467,xss,7,,3.5
CVE-2024-0468,directory traversal,2,,6.3
CVE-2024-0469,sql injection,1,,6.3
CVE-2024-0470,sql injection,1,,6.3
CVE-2024-0471,sql injection,1,,6.3
CVE-2024-0472,directory traversal,2,,3.5
CVE-2024-0473,sql injection,1,,6.3
CVE-2024-0474,sql injection,1,,7.3
CVE-2024-0475,sql injection,1,,6.3
CVE-2024-0476,xss,7,,2.4
CVE-2024-0477,sql injection,1,,6.3
CVE-2024-0478,sql injection,1,,6.3
CVE-2024-0479,sql injection,1,,7.3
CVE-2024-0480,sql injection,1,,7.3
CVE-2024-0481,sql injection,1,,6.3
CVE-2024-0482,sql injection,1,,6.3
CVE-2024-0483,sql injection,1,,6.3
CVE-2024-0484,sql injection,1,,6.3
CVE-2024-0485,sql injection,1,,6.3
CVE-2024-0486,sql injection,1,,6.3
CVE-2024-0487,sql injection,1,,6.3
CVE-2024-0488,sql injection,1,,6.3
CVE-2024-0489,sql injection,1,,6.3
CVE-2024-0490,directory traversal,2,,5.3
CVE-2024-0491,directory traversal,2,,5.3
CVE-2024-0492,sql injection,1,,6.3
CVE-2024-0493,sql injection,1,,6.3
CVE-2024-0494,sql injection,1,,6.3
CVE-2024-0495,sql injection,1,,6.3
CVE-2024-0496,sql injection,1,,6.3
CVE-2024-0497,sql injection,1,,6.3
CVE-2024-0498,sql injection,1,,6.3
CVE-2024-0499,rce,5,,2.4
CVE-2024-0500,rce,5,,2.4
CVE-2024-0501,rce,5,,2.4
CVE-2024-0502,sql injection,1,,4.7
CVE-2024-0503,xss,7,,3.5
CVE-2024-0504,xss,7,,3.5
CVE-2024-0505,directory traversal,2,,5.5
CVE-2024-0510,log forging,3,,7.3
CVE-2024-0522,log forging,3,,4.3
CVE-2024-0523,sql injection,1,,6.3
CVE-2024-0524,sql injection,1,,5.5
CVE-2024-0525,sql injection,1,,5.5
CVE-2024-0526,sql injection,1,,5.5
CVE-2024-0527,sql injection,1,,6.3
CVE-2024-0528,sql injection,1,,5.5
CVE-2024-0529,sql injection,1,,5.5
CVE-2024-0530,sql injection,1,,5.5
CVE-2024-0531,directory traversal,2,,7.2
CVE-2024-0532,directory traversal,2,,7.2
CVE-2024-0533,directory traversal,2,,7.2
CVE-2024-0534,directory traversal,2,,7.2
CVE-2024-0535,directory traversal,2,,8.8
CVE-2024-0536,directory traversal,2,,8.8
CVE-2024-0537,directory traversal,2,,8.8
CVE-2024-0538,directory traversal,2,,8.8
CVE-2024-0539,directory traversal,2,,8.8
CVE-2024-0540,directory traversal,2,,6.3
CVE-2024-0541,directory traversal,2,,8.8
CVE-2024-0542,directory traversal,2,,8.8
CVE-2024-0543,sql injection,1,,6.3
CVE-2024-0545,directory traversal,2,,5.3
CVE-2024-0546,log forging,3,,5.3
CVE-2024-0547,log forging,3,,5.3
CVE-2024-0548,log forging,3,,5.3
CVE-2024-0552,directory traversal,2,,9.8
CVE-2024-0557,xss,7,,2.4
CVE-2024-0558,sql injection,1,,4.7
CVE-2024-0562,directory traversal,2,,7.8
CVE-2024-0565,log forging,3,,6.8
CVE-2024-20652,directory traversal,2,,8.1
CVE-2024-20653,directory traversal,2,,7.8
CVE-2024-20654,directory traversal,2,,8
CVE-2024-20655,directory traversal,2,,6.6
CVE-2024-20656,directory traversal,2,,7.8
CVE-2024-20657,directory traversal,2,,7
CVE-2024-20658,directory traversal,2,,7.8
CVE-2024-20660,directory traversal,2,,6.5
CVE-2024-20661,directory traversal,2,,7.5
CVE-2024-20662,directory traversal,2,,4.9
CVE-2024-20663,directory traversal,2,,6.5
CVE-2024-20664,directory traversal,2,,6.5
CVE-2024-20666,directory traversal,2,,6.6
CVE-2024-20672,directory traversal,2,,7.5
CVE-2024-20674,directory traversal,2,,8.8
CVE-2024-20675,directory traversal,2,,6.3
CVE-2024-20676,directory traversal,2,,8
CVE-2024-20677,directory traversal,2,,7.8
CVE-2024-20680,directory traversal,2,,6.5
CVE-2024-20681,directory traversal,2,,7.8
CVE-2024-20682,directory traversal,2,,7.8
CVE-2024-20683,directory traversal,2,,7.8
CVE-2024-20686,directory traversal,2,,7.8
CVE-2024-20687,directory traversal,2,,7.5
CVE-2024-20690,directory traversal,2,,6.5
CVE-2024-20691,directory traversal,2,,4.7
CVE-2024-20692,directory traversal,2,,5.7
CVE-2024-20694,directory traversal,2,,5.5
CVE-2024-20696,directory traversal,2,,7.3
CVE-2024-20697,directory traversal,2,,7.3
CVE-2024-20698,directory traversal,2,,7.8
CVE-2024-20699,directory traversal,2,,5.5
CVE-2024-20700,directory traversal,2,,7.5
CVE-2024-20709,log forging,3,,5.5
CVE-2024-20710,directory traversal,2,,5.5
CVE-2024-20711,directory traversal,2,,5.5
CVE-2024-20712,directory traversal,2,,5.5
CVE-2024-20713,directory traversal,2,,5.5
CVE-2024-20714,directory traversal,2,,5.5
CVE-2024-20715,directory traversal,2,,5.5
CVE-2024-20721,log forging,3,,5.5
CVE-2024-20802,directory traversal,2,,4.6
CVE-2024-20803,directory traversal,2,,6.8
CVE-2024-20804,directory traversal,2,,4
CVE-2024-20805,directory traversal,2,,3.3
CVE-2024-20806,directory traversal,2,,6.2
CVE-2024-20807,directory traversal,2,,3.3
CVE-2024-20808,directory traversal,2,,4
CVE-2024-20809,directory traversal,2,,4
CVE-2024-21305,directory traversal,2,,4.4
CVE-2024-21306,directory traversal,2,,5.7
CVE-2024-21307,directory traversal,2,,7.5
CVE-2024-21309,directory traversal,2,,7.8
CVE-2024-21310,directory traversal,2,,7.8
CVE-2024-21311,directory traversal,2,,5.5
CVE-2024-21312,directory traversal,2,,7.5
CVE-2024-21313,directory traversal,2,,5.3
CVE-2024-21314,directory traversal,2,,6.5
CVE-2024-21316,directory traversal,2,,6.1
CVE-2024-21318,directory traversal,2,,8.8
CVE-2024-21319,directory traversal,2,,6.8
CVE-2024-21320,directory traversal,2,,6.5
CVE-2024-21325,directory traversal,2,,7.8
CVE-2024-21337,directory traversal,2,,5.2
CVE-2024-21622,directory traversal,2,,5.4
CVE-2024-21623,cookie injection,1,,9.8
CVE-2024-21625,directory traversal,2,,8.8
CVE-2024-21627,rce,5,,8.1
CVE-2024-21628,rce,5,,5.4
CVE-2024-21629,directory traversal,2,,5.9
CVE-2024-21631,directory traversal,2,,6.5
CVE-2024-21632,directory traversal,2,,8.6
CVE-2024-21633,rce,5,,7.8
CVE-2024-21634,rce,5,,7.5
CVE-2024-21636,xss,7,,6.1
CVE-2024-21637,rce,5,,7.6
CVE-2024-21638,directory traversal,2,,9.1
CVE-2024-21639,directory traversal,2,,5.3
CVE-2024-21640,directory traversal,2,,5.4
CVE-2024-21641,log forging,3,,6.5
CVE-2024-21642,log forging,3,,7.5
CVE-2024-21643,directory traversal,2,,7.1
CVE-2024-21644,rce,5,,7.5
CVE-2024-21645,log forging,3,,5.3
CVE-2024-21646,directory traversal,2,,9.8
CVE-2024-21647,rce,5,,5.9
CVE-2024-21648,directory traversal,2,,8
CVE-2024-21650,directory traversal,2,,10
CVE-2024-21651,log forging,3,,7.5
CVE-2024-21654,log forging,3,,4.8
CVE-2024-21655,directory traversal,2,,4.3
CVE-2024-21663,directory traversal,2,,9.9
CVE-2024-21664,log forging,3,,4.3
CVE-2024-21665,rce,5,,4.3
CVE-2024-21666,rce,5,,6.5
CVE-2024-21667,rce,5,,6.5
CVE-2024-21668,log forging,3,,4.4
CVE-2024-21669,directory traversal,2,,9.9
CVE-2024-21732,directory traversal,2,,6.1
CVE-2024-21734,directory traversal,2,,3.7
CVE-2024-21735,directory traversal,2,,7.3
CVE-2024-21736,directory traversal,2,,6.4
CVE-2024-21737,directory traversal,2,,8.4
CVE-2024-21738,directory traversal,2,,4.1
CVE-2024-21744,log forging,3,,6.5
CVE-2024-21745,rce,5,,6.5
CVE-2024-21747,rce,5,,7.6
CVE-2024-21773,directory traversal,2,,8.8
CVE-2024-21821,directory traversal,2,,8
CVE-2024-21833,log forging,3,,8.8
CVE-2024-21907,log forging,3,,7.5
CVE-2024-21908,xss,7,,6.1
CVE-2024-21910,xss,7,,6.1
CVE-2024-21911,xss,7,,6.1
CVE-2024-22027,directory traversal,2,,6.5
CVE-2024-22028,directory traversal,2,,4.6
CVE-2024-22047,log forging,3,,3.1
CVE-2024-22048,xss,7,,6.1
CVE-2024-22049,directory traversal,2,,5.3
CVE-2024-22050,directory traversal,2,,7.5
CVE-2024-22051,directory traversal,2,,9.8
CVE-2024-22075,directory traversal,2,,6.1
CVE-2024-22086,directory traversal,2,,9.8
CVE-2024-22087,directory traversal,2,,9.8
CVE-2024-22088,directory traversal,2,,9.8
CVE-2024-22124,directory traversal,2,,4.1
CVE-2024-22125,directory traversal,2,,7.4
CVE-2024-22137,directory traversal,2,,6.5
CVE-2024-22142,directory traversal,2,,7.1
CVE-2024-22164,log forging,3,,4.3
CVE-2024-22165,log forging,3,,6.5
CVE-2024-22190,directory traversal,2,,7.8
CVE-2024-22194,directory traversal,2,,2.2
CVE-2024-22195,cookie injection,1,,5.4
CVE-2024-22196,directory traversal,2,,7
CVE-2024-22197,directory traversal,2,,7.7
CVE-2024-22198,directory traversal,2,,7.1
CVE-2024-22199,xss,7,,9.3
CVE-2024-22206,log forging,3,,9
CVE-2024-22207,directory traversal,2,,5.3
CVE-2024-22209,directory traversal,2,,6.4
CVE-2024-22216,directory traversal,2,,10
CVE-2024-22368,directory traversal,2,,5.5
CVE-2024-22370,directory traversal,2,,4.6
CVE-2024-22492,cookie injection,1,,5.4
CVE-2024-22493,cookie injection,1,,5.4
CVE-2024-22494,cookie injection,1,,5.4
CVE-2024-22942,cookie injection,1,,9.8
CVE-2024-23057,cookie injection,1,,9.8
CVE-2024-23058,cookie injection,1,,9.8
CVE-2024-23059,cookie injection,1,,9.8
CVE-2024-23060,cookie injection,1,,9.8
CVE-2024-23061,cookie injection,1,,9.8
CVE-2024-23171,xss,7,,5.4
CVE-2024-23172,directory traversal,2,,5.4
CVE-2024-23173,directory traversal,2,,6.1
CVE-2024-23174,directory traversal,2,,5.4
CVE-2024-23177,directory traversal,2,,6.1
CVE-2024-23178,directory traversal,2,,5.4
CVE-2024-23179,xss,7,,6.1
CVE-2024-23301,directory traversal,2,,5.5
